排名,链接,图片,标题,可播放,导演,主演,上映日期,上映国家,影片类型,星级,评分,评价人数,名句
1,https://movie.douban.com/subject/1292052/,https://img3.doubanio.com/view/photo/s_ratio_poster/public/p480747492.jpg,肖申克的救赎,1,弗兰克·德拉邦特,蒂姆·罗宾斯,1994,美国,犯罪 剧情,5.0,9.7,3030511,希望让人自由。
2,https://movie.douban.com/subject/1291546/,https://img1.doubanio.com/view/photo/s_ratio_poster/public/p2561716440.jpg,霸王别姬,1,陈凯歌,张国荣,1993,中国大陆 中国香港,剧情 爱情 同性,5.0,9.6,2240197,风华绝代。
3,https://movie.douban.com/subject/1292720/,https://img3.doubanio.com/view/photo/s_ratio_poster/public/p2372307693.jpg,阿甘正传,1,罗伯特·泽米吉斯,汤姆·汉克斯,1994,美国,剧情 爱情,5.0,9.5,2258028,一部美国近现代史。
4,https://movie.douban.com/subject/1292722/,https://img9.doubanio.com/view/photo/s_ratio_poster/public/p457760035.jpg,泰坦尼克号,1,詹姆斯·卡梅隆,莱昂纳多·迪卡普里奥,1997,美国 墨西哥,剧情 爱情 灾难,5.0,9.5,2297377,失去的才是永恒的。
5,https://movie.douban.com/subject/1291561/,https://img1.doubanio.com/view/photo/s_ratio_poster/public/p2557573348.jpg,千与千寻,0,宫崎骏,柊瑠美,2001,日本,剧情 动画 奇幻,4.5,9.4,2346347,最好的宫崎骏，最好的久石让。
6,https://movie.douban.com/subject/1295644/,https://img2.doubanio.com/view/photo/s_ratio_poster/public/p511118051.jpg,这个杀手不太冷,0,吕克·贝松,让·雷诺,1994,法国 美国,剧情 动作 犯罪,4.5,9.4,2384717,怪蜀黍和小萝莉不得不说的故事。
7,https://movie.douban.com/subject/1292063/,https://img3.doubanio.com/view/photo/s_ratio_poster/public/p2578474613.jpg,美丽人生,1,罗伯托·贝尼尼,罗伯托·贝尼尼,1997,意大利,剧情 喜剧 爱情 战争,5.0,9.5,1382078,最美的谎言。
8,https://movie.douban.com/subject/1889243/,https://img3.doubanio.com/view/photo/s_ratio_poster/public/p2614988097.jpg,星际穿越,1,克里斯托弗·诺兰,马修·麦康纳,2014,美国 英国 加拿大,剧情 科幻 冒险,4.5,9.4,1962939,爱是一种力量，让我们超越时空感知它的存在。
9,https://movie.douban.com/subject/3541415/,https://img9.doubanio.com/view/photo/s_ratio_poster/public/p513344864.jpg,盗梦空间,1,克里斯托弗·诺兰,莱昂纳多·迪卡普里奥,2010,美国 英国,剧情 科幻 悬疑 冒险,4.5,9.4,2160821,诺兰给了我们一场无法盗取的梦。
10,https://movie.douban.com/subject/1292064/,https://img3.doubanio.com/view/photo/s_ratio_poster/public/p479682972.jpg,楚门的世界,1,彼得·威尔,金·凯瑞,1998,美国,剧情 科幻,4.5,9.4,1816843,如果再也不能见到你，祝你早安，午安，晚安。
11,https://movie.douban.com/subject/1295124/,https://img3.doubanio.com/view/photo/s_ratio_poster/public/p492406163.jpg,辛德勒的名单,1,史蒂文·斯皮尔伯格,连姆·尼森,1993,美国,剧情 历史 战争,5.0,9.5,1169032,拯救一个人，就是拯救整个世界。
12,https://movie.douban.com/subject/3011091/,https://img1.doubanio.com/view/photo/s_ratio_poster/public/p2587099240.jpg,忠犬八公的故事,0,莱塞·霍尔斯道姆,理查·基尔,2009,美国 英国,剧情,4.5,9.4,1449130,永远都不能忘记你所爱的人。
13,https://movie.douban.com/subject/1292001/,https://img9.doubanio.com/view/photo/s_ratio_poster/public/p2574551676.jpg,海上钢琴师,1,朱塞佩·托纳多雷,蒂姆·罗斯,1998,意大利,剧情 音乐,4.5,9.3,1746701,每个人都要走一条自己坚定了的路，就算是粉身碎骨。
14,https://movie.douban.com/subject/3793023/,https://img2.doubanio.com/view/photo/s_ratio_poster/public/p579729551.jpg,三傻大闹宝莱坞,1,拉库马·希拉尼,阿米尔·汗,2009,印度,剧情 喜剧 爱情 歌舞,4.5,9.2,1937191,英俊版憨豆，高情商版谢耳朵。
15,https://movie.douban.com/subject/1291549/,https://img1.doubanio.com/view/photo/s_ratio_poster/public/p2884280708.jpg,放牛班的春天,0,克里斯托夫·巴拉蒂,让-巴蒂斯特·莫尼...,2004,法国 瑞士 德国,剧情 音乐,4.5,9.3,1371943,天籁一般的童声，是最接近上帝的存在。
16,https://movie.douban.com/subject/2131459/,https://img2.doubanio.com/view/photo/s_ratio_poster/public/p1461851991.jpg,机器人总动员,1,安德鲁·斯坦顿,本·贝尔特,2008,美国,科幻 动画 冒险,4.5,9.3,1376416,小瓦力，大人生。
17,https://movie.douban.com/subject/25662329/,https://img1.doubanio.com/view/photo/s_ratio_poster/public/p2614500649.jpg,疯狂动物城,1,拜伦·霍华德,金妮弗·...,2016,美国,喜剧 动画 冒险,4.5,9.2,2052490,迪士尼给我们营造的乌托邦就是这样，永远善良勇敢，永远出乎意料。
18,https://movie.douban.com/subject/1307914/,https://img3.doubanio.com/view/photo/s_ratio_poster/public/p2564556863.jpg,无间道,1,刘伟强,刘德华,2002,中国香港,剧情 犯罪 惊悚,4.5,9.3,1439537,香港电影史上永不过时的杰作。
19,https://movie.douban.com/subject/1296141/,https://img1.doubanio.com/view/photo/s_ratio_poster/public/p1505392928.jpg,控方证人,1,比利·怀尔德,泰隆·鲍华,1957,美国,剧情 犯罪 悬疑,5.0,9.6,616847,比利·怀德满分作品。
20,https://movie.douban.com/subject/1292213/,https://img9.doubanio.com/view/photo/s_ratio_poster/public/p2455050536.jpg,大话西游之大圣娶亲,1,刘镇伟,周星驰,1995,中国香港 中国大陆,喜剧 爱情 奇幻 古装,4.5,9.2,1597156,一生所爱。
21,https://movie.douban.com/subject/5912992/,https://img9.doubanio.com/view/photo/s_ratio_poster/public/p1363250216.jpg,熔炉,0,黄东赫,孔侑,2011,韩国,剧情,4.5,9.4,971768,我们一路奋战不是为了改变世界，而是为了不让世界改变我们。
22,https://movie.douban.com/subject/1291841/,https://img9.doubanio.com/view/photo/s_ratio_poster/public/p616779645.jpg,教父,1,弗朗西斯·福特·科波拉,马龙·白兰度,1972,美国,剧情 犯罪,4.5,9.3,1017945,千万不要记恨你的对手，这样会让你失去理智。
23,https://movie.douban.com/subject/6786002/,https://img9.doubanio.com/view/photo/s_ratio_poster/public/p1454261925.jpg,触不可及,1,奥利维·那卡什,,2011,法国,剧情 喜剧,4.5,9.3,1181770,满满温情的高雅喜剧。
24,https://movie.douban.com/subject/1849031/,https://img9.doubanio.com/view/photo/s_ratio_poster/public/p2614359276.jpg,当幸福来敲门,1,加布里尔·穆奇诺,威尔·史密斯,2006,美国,剧情 传记 家庭,4.5,9.2,1582341,平民励志片。
25,https://movie.douban.com/subject/20495023/,https://img2.doubanio.com/view/photo/s_ratio_poster/public/p2505426431.jpg,寻梦环游记,1,李·昂克里奇,...,2017,美国,喜剧 动画 奇幻 音乐,4.5,9.1,1782832,死亡不是真的逝去，遗忘才是永恒的消亡。
26,https://movie.douban.com/subject/1293172/,https://img3.doubanio.com/view/photo/s_ratio_poster/public/p452089833.jpg,末代皇帝,1,贝纳尔多·贝托鲁奇,尊龙,1987,英国 意大利 中国大陆 法国,剧情 传记 历史,4.5,9.3,939684,“不要跟我比惨，我比你更惨”再适合这部电影不过了。
27,https://movie.douban.com/subject/1291560/,https://img9.doubanio.com/view/photo/s_ratio_poster/public/p2540924496.jpg,龙猫,0,宫崎骏,日高法子,1988,日本,动画 奇幻 冒险,4.5,9.2,1322055,人人心中都有个龙猫，童年就永远不会消失。
28,https://movie.douban.com/subject/3319755/,https://img1.doubanio.com/view/photo/s_ratio_poster/public/p501177648.jpg,怦然心动,1,罗伯·莱纳,玛德琳·卡罗尔,2010,美国,剧情 喜剧 爱情,4.5,9.1,1913475,真正的幸福是来自内心深处。
29,https://movie.douban.com/subject/1292365/,https://img3.doubanio.com/view/photo/s_ratio_poster/public/p2597919477.jpg,活着,0,张艺谋,葛优,1994,中国大陆 中国香港,剧情 历史 家庭,4.5,9.3,893948,张艺谋最好的电影。
30,https://movie.douban.com/subject/1295038/,https://img9.doubanio.com/view/photo/s_ratio_poster/public/p2614949805.jpg,哈利·波特与魔法石,1,Chris,Daniel,2001,美国 英国,奇幻 冒险,4.5,9.2,1265266,童话世界的开端。
31,https://movie.douban.com/subject/1851857/,https://img3.doubanio.com/view/photo/s_ratio_poster/public/p462657443.jpg,蝙蝠侠：黑暗骑士,1,克里斯托弗·诺兰,克里斯蒂安·贝尔,2008,美国 英国,剧情 动作 科幻 犯罪 惊悚,4.5,9.2,1112595,无尽的黑暗。
32,https://movie.douban.com/subject/1291552/,https://img3.doubanio.com/view/photo/s_ratio_poster/public/p2642829472.jpg,指环王3：王者无敌,1,彼得·杰克逊,伊利亚·伍德,2003,美国 新西兰,剧情 动作 奇幻 冒险,4.5,9.3,843479,史诗的终章。
33,https://movie.douban.com/subject/26752088/,https://img9.doubanio.com/view/photo/s_ratio_poster/public/p2561305376.jpg,我不是药神,1,文牧野,徐峥,2018,中国大陆,剧情 喜剧,4.5,9.0,2197230,对我们国家而言，这样的电影多一部是一部。
34,https://movie.douban.com/subject/1300267/,https://img1.doubanio.com/view/photo/s_ratio_poster/public/p1963126880.jpg,乱世佳人,1,维克多·弗莱明,费...,1939,美国,剧情 历史 爱情 战争,4.5,9.3,725806,Tomorrow is another day.
35,https://movie.douban.com/subject/2129039/,https://img1.doubanio.com/view/photo/s_ratio_poster/public/p2553594918.jpg,飞屋环游记,1,彼特·道格特,爱德...,2009,美国,剧情 喜剧 动画 冒险,4.5,9.1,1389152,最后那些最无聊的事情，才是最值得怀念的。
36,https://movie.douban.com/subject/21937452/,https://img9.doubanio.com/view/photo/s_ratio_poster/public/p2118532944.jpg,素媛,0,李濬益,薛景求,2013,韩国,剧情,4.5,9.3,721028,受过伤害的人总是笑得最开心，因为他们不愿意让身边的人承受一样的痛苦。
37,https://movie.douban.com/subject/1308807/,https://img9.doubanio.com/view/photo/s_ratio_poster/public/p2907583906.jpg,哈尔的移动城堡,1,宫崎骏,倍赏千惠子,2004,日本,爱情 动画 奇幻 冒险,4.5,9.1,1149464,带着心爱的人在天空飞翔。
38,https://movie.douban.com/subject/1293182/,https://img3.doubanio.com/view/photo/s_ratio_poster/public/p2173577632.jpg,十二怒汉,1,Sidney,亨利·方达,1957,美国,剧情,4.5,9.4,523973,1957年的理想主义。
39,https://movie.douban.com/subject/3742360/,https://img3.doubanio.com/view/photo/s_ratio_poster/public/p1512562287.jpg,让子弹飞,1,姜文,姜文,2010,中国大陆 中国香港,剧情 喜剧 动作 西部,4.5,9.0,1781628,你给我翻译翻译，神马叫做TMD的惊喜。
40,https://movie.douban.com/subject/30170448/,https://img1.doubanio.com/view/photo/s_ratio_poster/public/p2555295759.jpg,何以为家,1,娜丁·拉巴基,扎因·拉费阿,2018,黎巴嫩 美国 法国 塞浦路斯 卡塔尔 英国,剧情,4.5,9.1,1091973,凝视卑弱生命，用电影改变命运。
41,https://movie.douban.com/subject/26387939/,https://img1.doubanio.com/view/photo/s_ratio_poster/public/p2401676338.jpg,摔跤吧！爸爸,1,涅提·蒂瓦里,阿米尔·汗,2016,印度,剧情 传记 运动 家庭,4.5,9.0,1633095,你不是在为你一个人战斗，你要让千千万万的女性看到女生并不是只能相夫教子。
42,https://movie.douban.com/subject/1305487/,https://img2.doubanio.com/view/photo/s_ratio_poster/public/p453924541.jpg,猫鼠游戏,1,史蒂文·斯皮尔伯格,莱昂纳多·迪卡普里奥,2002,美国 加拿大,传记 犯罪 剧情,4.5,9.1,1093281,骗子大师和执著警探的你追我跑故事。
43,https://movie.douban.com/subject/25958717/,https://img9.doubanio.com/view/photo/s_ratio_poster/public/p2554525534.jpg,海蒂和爷爷,1,阿兰·葛斯彭纳,阿努克·斯特芬,2015,德国 瑞士,剧情 冒险 家庭,4.5,9.3,674742,如果生活中有什么使你感到快乐，那就去做吧！不要管别人说什么。
44,https://movie.douban.com/subject/1291583/,https://img2.doubanio.com/view/photo/s_ratio_poster/public/p2892409201.jpg,天空之城,1,宫崎骏,田中真弓,1986,日本,动画 奇幻 冒险,4.5,9.2,930467,对天空的追逐，永不停止。
45,https://movie.douban.com/subject/1291858/,https://img1.doubanio.com/view/photo/s_ratio_poster/public/p2553104888.jpg,鬼子来了,0,姜文,姜文,2000,中国大陆,剧情 喜剧,4.5,9.3,659180,对敌人的仁慈，就是对自己残忍。
46,https://movie.douban.com/subject/1929463/,https://img2.doubanio.com/view/photo/s_ratio_poster/public/p1784592701.jpg,少年派的奇幻漂流,1,李安,苏拉·沙玛,2012,美国 中国台湾 英国 加拿大,剧情 奇幻 冒险,4.5,9.1,1402273,瑰丽壮观、无人能及的冒险之旅。
47,https://movie.douban.com/subject/1296736/,https://img2.doubanio.com/view/photo/s_ratio_poster/public/p1381339291.jpg,钢琴家,1,罗曼·波兰斯基,艾德里安·布洛迪,2002,英国 法国 波兰 德国 美国,剧情 传记 战争 音乐,4.5,9.3,682026,音乐能化解仇恨。
48,https://movie.douban.com/subject/1291572/,https://img9.doubanio.com/view/photo/s_ratio_poster/public/p2640236255.jpg,指环王2：双塔奇兵,1,彼得·杰克逊,伊利亚·伍德,2002,美国 新西兰,剧情 动作 奇幻 冒险,4.5,9.2,792279,承前启后的史诗篇章。
49,https://movie.douban.com/subject/1299398/,https://img3.doubanio.com/view/photo/s_ratio_poster/public/p2561721372.jpg,大话西游之月光宝盒,1,刘镇伟,周星驰,1995,中国香港 中国大陆,喜剧 爱情 奇幻 古装,4.5,9.0,1272425,旷古烁今。
50,https://movie.douban.com/subject/1298624/,https://img1.doubanio.com/view/photo/s_ratio_poster/public/p2550757929.jpg,闻香识女人,1,马丁·布莱斯,阿尔·帕西诺,1992,美国,剧情,4.5,9.1,937488,史上最美的探戈。
51,https://movie.douban.com/subject/1291548/,https://img1.doubanio.com/view/photo/s_ratio_poster/public/p2575465690.jpg,死亡诗社,1,彼得·威尔,罗宾·威廉姆斯,1989,美国,剧情,4.5,9.2,780622,当一个死水般的体制内出现一个活跃的变数时，所有的腐臭都站在了光明的对面。
52,https://movie.douban.com/subject/27060077/,https://img2.doubanio.com/view/photo/s_ratio_poster/public/p2531065411.jpg,绿皮书,1,彼得·法雷里,维果·莫腾森,2018,美国 中国大陆,剧情 喜剧 传记 音乐,4.5,8.9,1737313,去除成见，需要勇气。
53,https://movie.douban.com/subject/1418019/,https://img3.doubanio.com/view/photo/s_ratio_poster/public/p2184505167.jpg,大闹天宫,1,万籁鸣,邱岳峰,1961(中国大陆),1964(中国大陆),1978(中国大陆),4.5,9.4,464412,经典之作，历久弥新。
54,https://movie.douban.com/subject/1293839/,https://img9.doubanio.com/view/photo/s_ratio_poster/public/p2189265085.jpg,罗马假日,1,威廉·惠勒,奥黛丽·赫本,1953,美国,喜剧 剧情 爱情,4.5,9.1,986452,爱情哪怕只有一天。
55,https://movie.douban.com/subject/1291843/,https://img1.doubanio.com/view/photo/s_ratio_poster/public/p451926968.jpg,黑客帝国,1,安迪·沃卓斯基,,1999,美国,动作 科幻,4.5,9.1,877208,视觉革命。
56,https://movie.douban.com/subject/1291571/,https://img9.doubanio.com/view/photo/s_ratio_poster/public/p2197698335.jpg,指环王1：护戒使者,1,彼得·杰克逊,伊利亚·伍德,2001,新西兰 美国,剧情 动作 奇幻 冒险,4.5,9.1,889196,传说的开始。
57,https://movie.douban.com/subject/1291828/,https://img1.doubanio.com/view/photo/s_ratio_poster/public/p2653054340.jpg,天堂电影院,1,朱塞佩·托纳多雷,菲利普·努瓦雷,1988,意大利 法国,剧情 爱情,4.5,9.2,702358,那些吻戏，那些青春，都在影院的黑暗里被泪水冲刷得无比清晰。
58,https://movie.douban.com/subject/1299131/,https://img3.doubanio.com/view/photo/s_ratio_poster/public/p2194138787.jpg,教父2,1,弗朗西斯·福特·科波拉,阿尔·帕西诺,1974,美国,剧情 犯罪,4.5,9.3,584046,优雅的孤独。
59,https://movie.douban.com/subject/1301753/,https://img3.doubanio.com/view/photo/s_ratio_poster/public/p726659067.jpg,狮子王,1,Roger,乔纳森·泰勒·托马...,1994,美国,动画 冒险 歌舞,4.5,9.1,888486,动物版《哈姆雷特》。
60,https://movie.douban.com/subject/21937445/,https://img9.doubanio.com/view/photo/s_ratio_poster/public/p2158166535.jpg,辩护人,0,杨宇硕,宋康昊,2013,韩国,剧情,4.5,9.2,617356,电影的现实意义大过电影本身。
61,https://movie.douban.com/subject/1291818/,https://img2.doubanio.com/view/photo/s_ratio_poster/public/p1910899751.jpg,饮食男女,0,李安,郎雄,1994,中国台湾 美国,剧情 家庭,4.5,9.2,656250,人生不能像做菜，把所有的料都准备好了才下锅。
62,https://movie.douban.com/subject/1292000/,https://img3.doubanio.com/view/photo/s_ratio_poster/public/p1910931622.jpg,搏击俱乐部,1,大卫·芬奇,爱德华·诺顿,1999,美国,剧情 动作 悬疑 惊悚,4.5,9.0,890675,邪恶与平庸蛰伏于同一个母体，在特定的时间互相对峙。
63,https://movie.douban.com/subject/1485260/,https://img3.doubanio.com/view/photo/s_ratio_poster/public/p2192535722.jpg,本杰明·巴顿奇事,1,大卫·芬奇,凯特·布兰切特,2008,美国,剧情 爱情 奇幻,4.5,9.0,1030544,在时间之河里感受溺水之苦。
64,https://movie.douban.com/subject/1306029/,https://img1.doubanio.com/view/photo/s_ratio_poster/public/p1665997400.jpg,美丽心灵,1,朗·霍华德,罗素·克劳,2001,美国,传记 剧情,4.5,9.1,802848,爱是一切逻辑和原由。
65,https://movie.douban.com/subject/3008247/,https://img3.doubanio.com/view/photo/s_ratio_poster/public/p1473670352.jpg,穿条纹睡衣的男孩,1,马克·赫尔曼,阿萨·巴特菲尔德,2008,英国 美国,剧情 战争,4.5,9.2,596304,尽管有些不切实际的幻想，这部电影依旧是一部感人肺腑的佳作。
66,https://movie.douban.com/subject/1900841/,https://img1.doubanio.com/view/photo/s_ratio_poster/public/p1808872109.jpg,窃听风暴,1,弗洛里安·亨克尔·冯·多纳斯马尔克,,2006,德国,剧情 悬疑,4.5,9.2,591131,别样人生。
67,https://movie.douban.com/subject/1292220/,https://img1.doubanio.com/view/photo/s_ratio_poster/public/p2648230660.jpg,情书,1,岩井俊二,中山美穗,1995,日本,剧情 爱情,4.5,8.9,1179691,暗恋的极致。
68,https://movie.douban.com/subject/1293350/,https://img1.doubanio.com/view/photo/s_ratio_poster/public/p792443418.jpg,两杆大烟枪,1,盖·里奇,杰森·弗莱明,1998,英国,剧情 喜剧 犯罪,4.5,9.1,624959,4个臭皮匠顶个诸葛亮，盖·里奇果然不是盖的。
69,https://movie.douban.com/subject/1292402/,https://img1.doubanio.com/view/photo/s_ratio_poster/public/p2441988159.jpg,西西里的美丽传说,1,朱塞佩·托纳多雷,莫妮卡·贝鲁奇,2000,意大利 美国,剧情 战争 情色,4.5,8.9,1021932,美丽无罪。
70,https://movie.douban.com/subject/1294408/,https://img3.doubanio.com/view/photo/s_ratio_poster/public/p453788577.jpg,音乐之声,1,罗伯特·怀斯,朱莉·安德鲁斯,1965,美国,剧情 传记 爱情 歌舞,4.5,9.1,633002,用音乐化解仇恨，让歌声串起美好。
71,https://movie.douban.com/subject/26580232/,https://img9.doubanio.com/view/photo/s_ratio_poster/public/p2498971355.jpg,看不见的客人,1,奥里奥尔·保罗,马里奥·卡萨斯,2016,西班牙,剧情 犯罪 悬疑 惊悚,4.5,8.8,1337102,你以为你以为的就是你以为的。
72,https://movie.douban.com/subject/3011235/,https://img3.doubanio.com/view/photo/s_ratio_poster/public/p917846733.jpg,哈利·波特与死亡圣器(下),1,大卫·叶茨,丹尼尔·雷德克里夫,2011,美国 英国,奇幻 冒险,4.5,9.0,878428,10年的完美句点。
73,https://movie.douban.com/subject/1652587/,https://img1.doubanio.com/view/photo/s_ratio_poster/public/p2180085848.jpg,阿凡达,1,詹姆斯·卡梅隆,萨姆·沃辛顿,2009,美国,动作 科幻 冒险,4.5,8.8,1479900,绝对意义上的美轮美奂。
74,https://movie.douban.com/subject/1292849/,https://img9.doubanio.com/view/photo/s_ratio_poster/public/p1014542496.jpg,拯救大兵瑞恩,1,史蒂文·斯皮尔伯格,汤姆·汉克斯,1998,美国,剧情 战争,4.5,9.1,676901,美利坚精神输出大片No1.
75,https://movie.douban.com/subject/1292224/,https://img3.doubanio.com/view/photo/s_ratio_poster/public/p792238287.jpg,飞越疯人院,0,米洛斯·福尔曼,杰克·尼科尔森,1975,美国,剧情,4.5,9.1,569512,自由万岁。
76,https://movie.douban.com/subject/1303021/,https://img9.doubanio.com/view/photo/s_ratio_poster/public/p2165511465.jpg,小鞋子,1,马基德·马基迪,默罕默德·阿米尔·纳吉,1997,伊朗,剧情 儿童 家庭,4.5,9.2,430834,奔跑的孩子是天使。
77,https://movie.douban.com/subject/1291543/,https://img1.doubanio.com/view/photo/s_ratio_poster/public/p2219011938.jpg,功夫,1,周星驰,周星驰,2004,中国大陆 中国香港,动作 喜剧 犯罪 奇幻,4.5,8.8,1209440,警恶惩奸，维护世界和平这个任务就交给你了，好吗？
78,https://movie.douban.com/subject/1293544/,https://img3.doubanio.com/view/photo/s_ratio_poster/public/p1593414327.jpg,沉默的羔羊,1,乔纳森·戴米,朱迪·福斯特,1991,美国,剧情 犯罪 惊悚,4.5,8.9,937861,安东尼·霍普金斯的顶级表演。
79,https://movie.douban.com/subject/11525673/,https://img3.doubanio.com/view/photo/s_ratio_poster/public/p2183539003.jpg,布达佩斯大饭店,1,韦斯·安德森,拉尔夫·费因斯,2014,美国 德国 英国,剧情 喜剧 冒险,4.5,8.9,996036,小清新的故事里注入了大历史的情怀。
80,https://movie.douban.com/subject/2334904/,https://img1.doubanio.com/view/photo/s_ratio_poster/public/p450262388.jpg,禁闭岛,1,Martin,莱昂纳多·迪卡普里奥,2010,美国,剧情 悬疑 惊悚,4.5,8.9,1029647,昔日翩翩少年，今日大腹便便。
81,https://movie.douban.com/subject/1292343/,https://img1.doubanio.com/view/photo/s_ratio_poster/public/p2209066019.jpg,蝴蝶效应,1,埃里克·布雷斯,,2004,美国 加拿大,剧情 悬疑 科幻 惊悚,4.5,8.9,985235,人的命运被自己瞬间的抉择改变。
82,https://movie.douban.com/subject/1291544/,https://img1.doubanio.com/view/photo/s_ratio_poster/public/p1910812549.jpg,哈利·波特与阿兹卡班的囚徒,1,Alfonso,丹尼尔·雷德克里夫,2004,英国 美国,奇幻 冒险,4.5,9.0,782335,不一样的导演，不一样的哈利·波特。
83,https://movie.douban.com/subject/1780330/,https://img9.doubanio.com/view/photo/s_ratio_poster/public/p480383375.jpg,致命魔术,1,克里斯托弗·诺兰,休·杰克曼,2006,英国 美国,剧情 悬疑 惊悚,4.5,8.9,900904,孪生蝙蝠侠大战克隆金刚狼。
84,https://movie.douban.com/subject/1292656/,https://img9.doubanio.com/view/photo/s_ratio_poster/public/p480965695.jpg,心灵捕手,1,格斯·范·桑特,马特·达蒙,1997,美国,剧情,4.5,9.0,755805,人生中应该拥有这样的一段豁然开朗。
85,https://movie.douban.com/subject/5322596/,https://img2.doubanio.com/view/photo/s_ratio_poster/public/p1305562621.jpg,超脱,1,托尼·凯耶,艾德里安·布洛迪,2011,美国,剧情,4.5,9.0,650201,穷尽一生，我们要学会的，不过是彼此拥抱。
86,https://movie.douban.com/subject/1291832/,https://img3.doubanio.com/view/photo/s_ratio_poster/public/p1910902213.jpg,低俗小说,1,昆汀·塔伦蒂诺,约翰·特拉沃尔塔,1994,美国,剧情 喜剧 犯罪,4.5,8.9,880249,故事的高级讲法。
87,https://movie.douban.com/subject/1294371/,https://img1.doubanio.com/view/photo/s_ratio_poster/public/p2263408369.jpg,摩登时代,1,查理·卓别林,查理·卓别林,1936,美国,剧情 喜剧 爱情,4.5,9.3,318617,大时代中的人生，小人物的悲喜。
88,https://movie.douban.com/subject/1292679/,https://img2.doubanio.com/view/photo/s_ratio_poster/public/p465939041.jpg,春光乍泄,0,王家卫,张国荣,1997,中国香港 日本 韩国,剧情 爱情 同性,4.5,9.0,663029,爱情纠缠，男女一致。
89,https://movie.douban.com/subject/3442220/,https://img1.doubanio.com/view/photo/s_ratio_poster/public/p2559579779.jpg,海豚湾,1,路易·西霍尤斯,路易·西霍尤斯,2009,美国,纪录片,4.5,9.3,367294,海豚的微笑，是世界上最高明的伪装。
90,https://movie.douban.com/subject/1302425/,https://img3.doubanio.com/view/photo/s_ratio_poster/public/p2579932167.jpg,喜剧之王,0,周星驰,周星驰,1999,中国香港,喜剧 剧情 爱情,4.5,8.8,1014947,我是一个演员。
91,https://movie.douban.com/subject/1292262/,https://img3.doubanio.com/view/photo/s_ratio_poster/public/p477229647.jpg,美国往事,1,赛尔乔·莱翁内,罗伯特·德尼罗,1984,美国 意大利,犯罪 剧情,4.5,9.2,434365,往事如烟，无处祭奠。
92,https://movie.douban.com/subject/1297192/,https://img9.doubanio.com/view/photo/s_ratio_poster/public/p2558364386.jpg,致命ID,1,詹姆斯·曼高德,约翰·库萨克,2003,美国,剧情 悬疑 惊悚,4.5,8.9,871612,最不可能的那个人永远是最可能的。
93,https://movie.douban.com/subject/1300299/,https://img1.doubanio.com/view/photo/s_ratio_poster/public/p1633113220.jpg,杀人回忆,0,奉俊昊,宋康昊,2003,韩国,剧情 动作 犯罪 悬疑 惊悚,4.5,8.9,761821,关于连环杀人悬案的集体回忆。
94,https://movie.douban.com/subject/1296996/,https://img1.doubanio.com/view/photo/s_ratio_poster/public/p1082651990.jpg,哈利·波特与密室,1,Chris,丹尼尔·雷德克里夫,2002,英国 美国,奇幻 冒险,4.5,8.9,809621,魔法的密室之门已打开...
95,https://movie.douban.com/subject/1865703/,https://img1.doubanio.com/view/photo/s_ratio_poster/public/p2794776839.jpg,红辣椒,1,今敏,林原惠美,2006,日本,动画 悬疑 科幻 惊悚,4.5,9.1,503971,梦的勾结。
96,https://movie.douban.com/subject/1298070/,https://img9.doubanio.com/view/photo/s_ratio_poster/public/p1596085504.jpg,加勒比海盗,1,戈尔·维宾斯基,约翰尼·德普,2003,美国,动作 冒险 奇幻,4.5,8.8,901070,约翰尼·德普的独角戏。
97,https://movie.douban.com/subject/1292223/,https://img9.doubanio.com/view/photo/s_ratio_poster/public/p2219586434.jpg,七宗罪,1,大卫·芬奇,摩根·弗里曼,1995,美国,剧情 犯罪 悬疑 惊悚,4.5,8.8,981917,警察抓小偷，老鼠玩死猫。
98,https://movie.douban.com/subject/1292434/,https://img3.doubanio.com/view/photo/s_ratio_poster/public/p2567845803.jpg,一一,0,杨德昌,吴念真,2000,中国台湾 日本,剧情 爱情 家庭,4.5,9.1,431015,我们都曾经是一一。
99,https://movie.douban.com/subject/6985810/,https://img3.doubanio.com/view/photo/s_ratio_poster/public/p1546987967.jpg,狩猎,0,托马斯·温特伯格,麦斯·米科尔森,2012,丹麦 瑞典,剧情,4.5,9.1,419365,人言可畏。
100,https://movie.douban.com/subject/1306249/,https://img9.doubanio.com/view/photo/s_ratio_poster/public/p2357915564.jpg,唐伯虎点秋香,1,李力持,周星驰,1993,中国香港,喜剧 爱情 古装,4.5,8.7,1134393,华太师是黄霑，吴镇宇四大才子之一。
101,https://movie.douban.com/subject/10777687/,https://img9.doubanio.com/view/photo/s_ratio_poster/public/p1816276065.jpg,7号房的礼物,0,李焕庆,柳承龙,2013,韩国,剧情 喜剧 家庭,4.5,8.9,582573,《我是山姆》的《美丽人生》。
102,https://movie.douban.com/subject/1787291/,https://img9.doubanio.com/view/photo/s_ratio_poster/public/p884763596.jpg,被嫌弃的松子的一生,1,中岛哲也,中谷美纪,2006,日本,剧情 歌舞,4.5,8.8,731745,以戏谑来戏谑戏谑。
103,https://movie.douban.com/subject/3395373/,https://img9.doubanio.com/view/photo/s_ratio_poster/public/p1706428744.jpg,蝙蝠侠：黑暗骑士崛起,1,克里斯托弗·诺兰,克里斯蒂安·贝尔,2012,美国 英国,剧情 动作 科幻 犯罪 惊悚,4.5,8.9,758313,诺兰就是保证。
104,https://movie.douban.com/subject/1305164/,https://img9.doubanio.com/view/photo/s_ratio_poster/public/p2223011274.jpg,甜蜜蜜,1,陈可辛,黎明,1996,中国香港,剧情 爱情,4.5,8.9,601561,相逢只要一瞬间，等待却像是一辈子。
105,https://movie.douban.com/subject/1296339/,https://img9.doubanio.com/view/photo/s_ratio_poster/public/p2555762374.jpg,爱在黎明破晓前,1,理查德·林克莱特,伊桑·霍克,1995,美国 奥地利 瑞士,剧情 爱情,4.5,8.8,724893,缘分是个连绵词，最美不过一瞬。
106,https://movie.douban.com/subject/26799731/,https://img1.doubanio.com/view/photo/s_ratio_poster/public/p2505525050.jpg,请以你的名字呼唤我,0,卢卡·瓜达尼诺,艾米·汉莫,2017,意大利 法国 巴西 美国,剧情 爱情 同性,4.5,8.8,762429,沉醉在电影的情感和视听氛围中无法自拔。
107,https://movie.douban.com/subject/1297630/,https://img9.doubanio.com/view/photo/s_ratio_poster/public/p2220184425.jpg,第六感,1,M·奈特·沙马兰,布鲁斯·威利斯,1999,美国,剧情 悬疑 惊悚,4.5,8.9,585624,深入内心的恐怖，出人意料的结局。
108,https://movie.douban.com/subject/11026735/,https://img1.doubanio.com/view/photo/s_ratio_poster/public/p2224568669.jpg,超能陆战队,1,唐·霍尔,斯科特...,2014,美国,喜剧 动作 科幻 动画 冒险,4.5,8.7,1065530,Balalala~~~
109,https://movie.douban.com/subject/2149806/,https://img9.doubanio.com/view/photo/s_ratio_poster/public/p2707581855.jpg,入殓师,1,泷田洋二郎,本木雅弘,2008,日本,剧情,4.5,8.9,699164,死可能是一道门，逝去并不是终结，而是超越，走向下一程。
110,https://movie.douban.com/subject/1291999/,https://img2.doubanio.com/view/photo/s_ratio_poster/public/p792381411.jpg,重庆森林,0,王家卫,林青霞,1994,中国香港,剧情 爱情,4.5,8.8,854457,寂寞没有期限。
111,https://movie.douban.com/subject/1418834/,https://img3.doubanio.com/view/photo/s_ratio_poster/public/p2604889017.jpg,断背山,0,李安,希斯·莱杰,2005,美国 加拿大,剧情 爱情 同性 家庭,4.5,8.8,734661,每个人心中都有一座断背山。
112,https://movie.douban.com/subject/1292370/,https://img3.doubanio.com/view/photo/s_ratio_poster/public/p480956937.jpg,剪刀手爱德华,1,蒂姆·波顿,约翰尼·德普,1990,美国,剧情 奇幻 爱情,4.5,8.7,1070126,浪漫忧郁的成人童话。
113,https://movie.douban.com/subject/1297359/,https://img9.doubanio.com/view/photo/s_ratio_poster/public/p1613191025.jpg,幽灵公主,0,宫崎骏,松田洋治,1997,日本,动画 奇幻 冒险,4.5,8.9,552421,人与自然的战争史诗。
114,https://movie.douban.com/subject/1294639/,https://img1.doubanio.com/view/photo/s_ratio_poster/public/p2004174709.jpg,勇敢的心,1,梅尔·吉布森,梅尔·吉布森,1995,美国,动作 传记 剧情 历史 战争,4.5,8.9,576380,史诗大片的典范。
115,https://movie.douban.com/subject/27010768/,https://img1.doubanio.com/view/photo/s_ratio_poster/public/p2561439800.jpg,寄生虫,0,奉俊昊,宋康昊,2019,韩国,剧情,4.5,8.8,1439504,
116,https://movie.douban.com/subject/1291990/,https://img1.doubanio.com/view/photo/s_ratio_poster/public/p2561542458.jpg,爱在日落黄昏时,1,理查德·林克莱特,伊桑·霍克,2004,美国 法国,剧情 爱情,4.5,8.9,594932,九年后的重逢是世俗和责任的交叠，没了悸动和青涩，沧桑而温暖。
117,https://movie.douban.com/subject/1293359/,https://img9.doubanio.com/view/photo/s_ratio_poster/public/p2620392435.jpg,菊次郎的夏天,1,北野武,北野武,1999,日本,剧情 喜剧,4.5,8.9,626135,从没见过那么流氓的温柔，从没见过那么温柔的流氓。
118,https://movie.douban.com/subject/4202302/,https://img9.doubanio.com/view/photo/s_ratio_poster/public/p617533616.jpg,借东西的小人阿莉埃蒂,0,米林宏昌,志田未来,2010,日本,动画 奇幻 冒险,4.5,8.9,583615,曾经的那段美好会沉淀为一辈子的记忆。
119,https://movie.douban.com/subject/21318488/,https://img9.doubanio.com/view/photo/s_ratio_poster/public/p2221768894.jpg,消失的爱人,1,大卫·芬奇,本·阿弗莱克,2014,美国,剧情 犯罪 悬疑 惊悚,4.5,8.7,1003234,年度最佳date movie。
120,https://movie.douban.com/subject/1395091/,https://img3.doubanio.com/view/photo/s_ratio_poster/public/p1351050722.jpg,未麻的部屋,0,今敏,岩男润子,1997,日本,剧情 犯罪 动画 悬疑 惊悚,4.5,9.1,371983,好的剧本是，就算你猜到了结局也猜不到全部。
121,https://movie.douban.com/subject/1292337/,https://img3.doubanio.com/view/photo/s_ratio_poster/public/p661160053.jpg,无人知晓,1,是枝裕和,柳乐优弥,2004,日本,剧情,4.5,9.1,340862,我的平常生活就是他人的幸福。
122,https://movie.douban.com/subject/10577869/,https://img9.doubanio.com/view/photo/s_ratio_poster/public/p2070153774.jpg,时空恋旅人,1,理查德·柯蒂斯,多姆纳尔·格里森,2013,英国 美国,喜剧 爱情 奇幻,4.5,8.8,718037,把每天当作最后一天般珍惜度过，积极拥抱生活，就是幸福。
123,https://movie.douban.com/subject/1291875/,https://img9.doubanio.com/view/photo/s_ratio_poster/public/p2564685215.jpg,阳光灿烂的日子,0,姜文,夏雨,1994,中国大陆 中国香港,剧情 爱情,4.5,8.8,643370,一场华丽的意淫。
124,https://movie.douban.com/subject/1300992/,https://img1.doubanio.com/view/photo/s_ratio_poster/public/p2190556408.jpg,完美的世界,1,克林特·伊斯特伍德,凯文·科斯特纳,1993,美国,剧情 犯罪,4.5,9.1,332783,坏人的好总是比好人的好来得更感人。
125,https://movie.douban.com/subject/1297447/,https://img9.doubanio.com/view/photo/s_ratio_poster/public/p2414157745.jpg,倩女幽魂,1,程小东,张国荣,1987,中国香港,爱情 奇幻 武侠 古装,4.5,8.8,769765,两张绝世的脸。
126,https://movie.douban.com/subject/1292215/,https://img3.doubanio.com/view/photo/s_ratio_poster/public/p2447590313.jpg,天使爱美丽,1,让-皮埃尔·热内,奥黛丽·塔图,2001,法国 德国,剧情 喜剧 爱情,4.5,8.7,979788,法式小清新。
127,https://movie.douban.com/subject/25814705/,https://img3.doubanio.com/view/photo/s_ratio_poster/public/p2564498893.jpg,小森林 夏秋篇,1,森淳一,桥本爱,2014,日本,剧情,4.5,9.0,443325,那些静得只能听见呼吸的日子里，你明白孤独即生活。
128,https://movie.douban.com/subject/1309055/,https://img9.doubanio.com/view/photo/s_ratio_poster/public/p735391084.jpg,哈利·波特与火焰杯,1,迈克·内威尔,丹尼尔·雷德克里夫,2005,英国 美国,悬疑 奇幻 冒险,4.5,8.8,706742,
129,https://movie.douban.com/subject/1297052/,https://img3.doubanio.com/view/photo/s_ratio_poster/public/p456692072.jpg,侧耳倾听,0,近藤喜文,本名阳子,1995,日本,剧情 爱情 动画,4.5,8.9,487820,少女情怀总是诗。
130,https://movie.douban.com/subject/2353023/,https://img9.doubanio.com/view/photo/s_ratio_poster/public/p2210954024.jpg,驯龙高手,1,迪恩·德布洛斯,...,2010,美国,动画 奇幻 冒险,4.5,8.8,792969,和谐的生活离不开摸头与被摸头。
131,https://movie.douban.com/subject/1461403/,https://img9.doubanio.com/view/photo/s_ratio_poster/public/p2528965424.jpg,茶馆,1,谢添,于是之,1982(中国大陆),中国大陆,剧情 历史,5.0,9.6,168983,
132,https://movie.douban.com/subject/1292274/,https://img3.doubanio.com/view/photo/s_ratio_poster/public/p854757687.jpg,幸福终点站,1,史蒂文·斯皮尔伯格,汤姆·汉克斯,2004,美国,喜剧 剧情 爱情,4.5,8.8,599326,有时候幸福需要等一等。
133,https://movie.douban.com/subject/1294240/,https://img2.doubanio.com/view/photo/s_ratio_poster/public/p2169664351.jpg,教父3,1,弗朗西斯·福特·科波拉,阿尔·帕西诺,1990,美国,剧情 犯罪,4.5,9.0,396087,任何信念的力量，都无法改变命运。
134,https://movie.douban.com/subject/26628357/,https://img3.doubanio.com/view/photo/s_ratio_poster/public/p2406624993.jpg,一个叫欧维的男人决定去死,1,汉内斯·赫尔姆,罗夫·拉斯加德,2015,瑞典,剧情,4.5,8.9,514619,惠及一生的美丽。
135,https://movie.douban.com/subject/1291579/,https://img1.doubanio.com/view/photo/s_ratio_poster/public/p2513247938.jpg,怪兽电力公司,1,彼特·道格特,约...,2001,美国,儿童 喜剧 动画 奇幻 冒险,4.5,8.8,710963,不要给它起名字，起了名字就有感情了。
136,https://movie.douban.com/subject/10437779/,https://img1.doubanio.com/view/photo/s_ratio_poster/public/p1903379979.jpg,新世界,0,朴勋政,李政宰,2013,韩国,剧情 犯罪,4.5,8.9,474302,要做就做得狠一点，这样才能活下去。
137,https://movie.douban.com/subject/1418200/,https://img1.doubanio.com/view/photo/s_ratio_poster/public/p2016401659.jpg,傲慢与偏见,1,乔·怀特,凯拉·奈特莉,2005,法国 英国 美国,剧情 爱情,4.5,8.7,845916,爱是摈弃傲慢与偏见之后的曙光。
138,https://movie.douban.com/subject/1858711/,https://img1.doubanio.com/view/photo/s_ratio_poster/public/p1283675359.jpg,玩具总动员3,1,李·昂克里奇,汤姆·汉克斯,2010,美国,喜剧 动画 奇幻 冒险,4.5,8.9,546793,跨度十五年的欢乐与泪水。
139,https://movie.douban.com/subject/25814707/,https://img3.doubanio.com/view/photo/s_ratio_poster/public/p2618201652.jpg,小森林 冬春篇,1,森淳一,桥本爱,2015,日本,剧情,4.5,9.0,395087,尊敬他人，尊敬你生活的这片土地，明白孤独是人生的常态。
140,https://movie.douban.com/subject/5989818/,https://img3.doubanio.com/view/photo/s_ratio_poster/public/p1675053073.jpg,萤火之森,1,大森贵弘,佐仓绫音,2011,日本,剧情 爱情 动画 奇幻,4.5,8.9,567330,触不到的恋人。
141,https://movie.douban.com/subject/6307447/,https://img3.doubanio.com/view/photo/s_ratio_poster/public/p1800813767.jpg,被解救的姜戈,1,昆汀·塔伦蒂诺,杰米·福克斯,2012,美国,剧情 动作 西部 冒险,4.5,8.8,640427,热血沸腾，那个低俗、性感的无耻混蛋又来了。
142,https://movie.douban.com/subject/25986180/,https://img1.doubanio.com/view/photo/s_ratio_poster/public/p2360940399.jpg,釜山行,0,延尚昊,孔侑,2016,韩国,动作 惊悚 灾难,4.5,8.6,1256996,揭露人性的丧尸题材力作。
143,https://movie.douban.com/subject/3287562/,https://img1.doubanio.com/view/photo/s_ratio_poster/public/p792776858.jpg,神偷奶爸,1,皮艾尔·柯芬,...,2010,美国 法国,喜剧 动画 冒险,4.5,8.7,984013,Mr. I Don't Care其实也有Care的时候。
144,https://movie.douban.com/subject/1828115/,https://img9.doubanio.com/view/photo/s_ratio_poster/public/p453716305.jpg,色，戒,0,李安,梁朝伟,2007,中国台湾 中国大陆 美国 中国香港,剧情 爱情 情色,4.5,8.7,870334,假戏真情，爱欲深海
145,https://movie.douban.com/subject/1297518/,https://img1.doubanio.com/view/photo/s_ratio_poster/public/p648370300.jpg,九品芝麻官,1,王晶,周星驰,1994,中国香港 中国大陆,剧情 喜剧 古装,4.5,8.7,724053,
146,https://movie.douban.com/subject/1307315/,https://img9.doubanio.com/view/photo/s_ratio_poster/public/p2532803206.jpg,哪吒闹海,1,王树忱,梁正晖,1979,中国大陆,冒险 动画 奇幻,4.5,9.2,273897,想你时你在闹海。
147,https://movie.douban.com/subject/4268598/,https://img9.doubanio.com/view/photo/s_ratio_poster/public/p689520756.jpg,告白,0,中岛哲也,松隆子,2010,日本,剧情 悬疑,4.5,8.8,697898,没有一人完全善，也没有一人完全恶。
148,https://movie.douban.com/subject/3072124/,https://img9.doubanio.com/view/photo/s_ratio_poster/public/p488255145.jpg,玛丽和马克思,1,亚当·艾略特,托妮·科莱特,2009,澳大利亚 美国,剧情 喜剧 动画,4.5,9.0,434360,你是我最好的朋友，你是我唯一的朋友 。
149,https://movie.douban.com/subject/1303037/,https://img3.doubanio.com/view/photo/s_ratio_poster/public/p2249048907.jpg,喜宴,0,李安,赵文瑄,1993,中国台湾 美国,剧情 喜剧 爱情 同性 家庭,4.5,9.0,388365,中国家庭的喜怒哀乐忍。
150,https://movie.douban.com/subject/1291545/,https://img9.doubanio.com/view/photo/s_ratio_poster/public/p692813374.jpg,大鱼,1,蒂姆·波顿,伊万·麦克格雷格,2003,美国,剧情 家庭 奇幻 冒险,4.5,8.8,591516,抱着梦想而活着的人是幸福的，怀抱梦想而死去的人是不朽的。
151,https://movie.douban.com/subject/10533913/,https://img1.doubanio.com/view/photo/s_ratio_poster/public/p2874927470.jpg,头脑特工队,1,彼特·道格特,,2015,美国,喜剧 动画 冒险,4.5,8.8,657426,愿我们都不用长大，每一座城堡都能永远存在。
152,https://movie.douban.com/subject/10463953/,https://img3.doubanio.com/view/photo/s_ratio_poster/public/p2255040492.jpg,模仿游戏,1,莫滕·泰杜姆,本尼迪克特·康伯巴奇,2014,英国 美国,剧情 传记 战争 同性,4.5,8.8,677611,他给机器起名“克里斯托弗”，因为这是他初恋的名字。
153,https://movie.douban.com/subject/4920389/,https://img3.doubanio.com/view/photo/s_ratio_poster/public/p2516578307.jpg,头号玩家,1,史蒂文·斯皮尔伯格,泰伊·谢里丹,2018,美国,动作 科幻 冒险,4.5,8.6,1423343,写给影迷，动漫迷和游戏迷的一封情书。
154,https://movie.douban.com/subject/1291557/,https://img9.doubanio.com/view/photo/s_ratio_poster/public/p1910828286.jpg,花样年华,1,王家卫,梁朝伟,2000,中国香港,剧情 爱情,4.5,8.8,648074,偷情本没有这样美。
155,https://movie.douban.com/subject/1316510/,https://img3.doubanio.com/view/photo/s_ratio_poster/public/p2609063922.jpg,射雕英雄传之东成西就,1,刘镇伟,梁朝伟,1993,中国香港,喜剧 奇幻 武侠 古装,4.5,8.7,669672,百看不厌。
156,https://movie.douban.com/subject/1295399/,https://img9.doubanio.com/view/photo/s_ratio_poster/public/p2215886505.jpg,七武士,1,黑泽明,三船敏郎,1954,日本,动作 冒险 剧情,4.5,9.3,209914,时代悲歌。
157,https://movie.douban.com/subject/1306861/,https://img9.doubanio.com/view/photo/s_ratio_poster/public/p652417775.jpg,我是山姆,1,杰茜·尼尔森,Sean,2001,美国,剧情 家庭,4.5,9.0,353227,爱并不需要智商 。
158,https://movie.douban.com/subject/26325320/,https://img1.doubanio.com/view/photo/s_ratio_poster/public/p2398141939.jpg,血战钢锯岭,1,梅尔·吉布森,安德鲁·加菲尔德,2016,澳大利亚 美国,剧情 传记 历史 战争,4.5,8.7,811611,优秀的战争片不会美化战场，不会粉饰死亡，不会矮化敌人，不会无视常识，最重要的，不会宣扬战争。
159,https://movie.douban.com/subject/4917726/,https://img3.doubanio.com/view/photo/s_ratio_poster/public/p1374786017.jpg,阳光姐妹淘,0,姜炯哲,沈恩京,2011,韩国,剧情 喜剧,4.5,8.8,607771,再多各自牛逼的时光，也比不上一起傻逼的岁月。
160,https://movie.douban.com/subject/1293181/,https://img9.doubanio.com/view/photo/s_ratio_poster/public/p1021883305.jpg,惊魂记,1,阿尔弗雷德·希区柯克,安东尼·博金斯,1960,美国,悬疑 惊悚 恐怖,4.5,9.0,318148,故事的反转与反转，分裂电影的始祖。
161,https://movie.douban.com/subject/21360417/,https://img9.doubanio.com/view/photo/s_ratio_poster/public/p2016930906.jpg,恐怖直播,1,金秉祐,河正宇,2013,韩国,剧情 犯罪 悬疑,4.5,8.7,683367,恐怖分子的“秋菊打官司”。
162,https://movie.douban.com/subject/1302467/,https://img1.doubanio.com/view/photo/s_ratio_poster/public/p443461818.jpg,黑客帝国3：矩阵革命,1,拉娜·沃卓斯基,,2003,美国,动作 科幻,4.5,8.8,466190,不得不说，《黑客帝国》系列是商业片与科幻、哲学完美结合的典范。
163,https://movie.douban.com/subject/26683290/,https://img3.doubanio.com/view/photo/s_ratio_poster/public/p2395733377.jpg,你的名字。,1,新海诚,神木隆之介,2016,日本,剧情 爱情 动画,4.5,8.5,1472494,穿越错位的时空，仰望陨落的星辰，你没留下你的名字，我却无法忘记那句“我爱你”。
164,https://movie.douban.com/subject/26611804/,https://img9.doubanio.com/view/photo/s_ratio_poster/public/p2502943384.jpg,三块广告牌,1,马丁·麦克唐纳,弗兰西斯·麦克多蒙德,2017,英国 美国,剧情 犯罪,4.5,8.7,859224,怼天怼地，你走后，她与世界为敌。
165,https://movie.douban.com/subject/1417598/,https://img9.doubanio.com/view/photo/s_ratio_poster/public/p726839485.jpg,电锯惊魂,0,詹姆斯·温,雷·沃纳尔,2004,美国,悬疑 惊悚 恐怖,4.5,8.7,564305,真相就在眼前。
166,https://movie.douban.com/subject/25917973/,https://img9.doubanio.com/view/photo/s_ratio_poster/public/p2276780256.jpg,心迷宫,1,忻钰坤,霍卫民,2014,中国大陆,剧情 犯罪 悬疑,4.5,8.8,559298,荒诞讽刺，千奇百巧，抽丝剥茧，百转千回。
167,https://movie.douban.com/subject/1793929/,https://img3.doubanio.com/view/photo/s_ratio_poster/public/p2166160837.jpg,达拉斯买家俱乐部,1,让-马克·瓦雷,马修·麦康纳,2013,美国,剧情 传记 同性,4.5,8.8,473945,Jared Leto的腿比女人还美！
168,https://movie.douban.com/subject/1907966/,https://img3.doubanio.com/view/photo/s_ratio_poster/public/p1867084027.jpg,疯狂原始人,1,科克·德·米科,,2013,美国,喜剧 动画 冒险,4.5,8.7,871439,老少皆宜，这就是好莱坞动画的魅力。
169,https://movie.douban.com/subject/1578507/,https://img3.doubanio.com/view/photo/s_ratio_poster/public/p792223507.jpg,谍影重重3,1,保罗·格林格拉斯,马特·达蒙,2007,美国 德国 法国 英国,动作 悬疑 惊悚,4.5,8.8,437703,像吃了苏打饼一样干脆的电影。
170,https://movie.douban.com/subject/27119724/,https://img9.doubanio.com/view/photo/s_ratio_poster/public/p2567198874.jpg,小丑,0,托德·菲利普斯,杰昆·菲尼克斯,2019,美国 加拿大,剧情 犯罪 惊悚,4.5,8.7,1055368,
171,https://movie.douban.com/subject/1292208/,https://img1.doubanio.com/view/photo/s_ratio_poster/public/p455677490.jpg,上帝之城,0,费尔南多·梅里尔斯,,2002,巴西 法国,犯罪 剧情,4.5,9.0,312894,被上帝抛弃了的上帝之城。
172,https://movie.douban.com/subject/1297574/,https://img3.doubanio.com/view/photo/s_ratio_poster/public/p2504997087.jpg,英雄本色,1,吴宇森,周润发,1986,中国香港,剧情 动作 犯罪,4.5,8.6,566548,英雄泪短，兄弟情长。
173,https://movie.douban.com/subject/1291585/,https://img3.doubanio.com/view/photo/s_ratio_poster/public/p1917567652.jpg,风之谷,0,宫崎骏,岛本须美,1984,日本,动画 奇幻 冒险,4.5,8.9,370851,动画片的圣经。
174,https://movie.douban.com/subject/1307856/,https://img3.doubanio.com/view/photo/s_ratio_poster/public/p2505048077.jpg,背靠背，脸对脸,1,黄建新,牛振华,1994,中国大陆 中国香港,剧情,5.0,9.5,150379,
175,https://movie.douban.com/subject/1300374/,https://img2.doubanio.com/view/photo/s_ratio_poster/public/p767586451.jpg,绿里奇迹,1,弗兰克·德拉邦特,汤姆·汉克斯,1999,美国,犯罪 剧情 奇幻 悬疑,4.5,8.9,353037,天使暂时离开。
176,https://movie.douban.com/subject/10808442/,https://img1.doubanio.com/view/photo/s_ratio_poster/public/p2074715729.jpg,爱在午夜降临前,1,理查德·林克莱特,伊桑·霍克,2013,美国 希腊,剧情 爱情,4.5,8.9,428644,所谓爱情，就是话唠一路，都不会心生腻烦，彼此嫌弃。
177,https://movie.douban.com/subject/24733428/,https://img1.doubanio.com/view/photo/s_ratio_poster/public/p2595591069.jpg,心灵奇旅,1,彼特·道格特,杰米·...,2020,美国,动画 奇幻 音乐,4.5,8.7,1039746,
178,https://movie.douban.com/subject/25895901/,https://img3.doubanio.com/view/photo/s_ratio_poster/public/p2603364117.jpg,海街日记,1,是枝裕和,绫濑遥,2015,日本,剧情 家庭,4.5,8.8,475103,是枝裕和的家庭习作。
179,https://movie.douban.com/subject/1295409/,https://img1.doubanio.com/view/photo/s_ratio_poster/public/p2597918718.jpg,纵横四海,0,吴宇森,周润发,1991,中国香港,剧情 喜剧 动作 犯罪,4.5,8.8,445901,香港浪漫主义警匪动作片的巅峰之作。
180,https://movie.douban.com/subject/1291822/,https://img3.doubanio.com/view/photo/s_ratio_poster/public/p470419493.jpg,卢旺达饭店,1,特瑞·乔治,唐·钱德尔,2004,英国 南非 意大利 美国,剧情 传记 历史 战争,4.5,8.9,345154,当这个世界闭上双眼，他却敞开了怀抱。
181,https://movie.douban.com/subject/1862151/,https://img3.doubanio.com/view/photo/s_ratio_poster/public/p712241453.jpg,疯狂的石头,1,宁浩,郭涛,2006,中国大陆 中国香港,喜剧 犯罪,4.5,8.6,864081,中国版《两杆大烟枪》。
182,https://movie.douban.com/subject/1304447/,https://img3.doubanio.com/view/photo/s_ratio_poster/public/p641688453.jpg,记忆碎片,1,克里斯托弗·诺兰,盖·皮尔斯,2000,美国,犯罪 剧情 悬疑 惊悚,4.5,8.7,629799,一个针管引发的血案。
183,https://movie.douban.com/subject/1307106/,https://img1.doubanio.com/view/photo/s_ratio_poster/public/p958008320.jpg,无间道2,1,刘伟强,陈冠希,2003,中国香港,剧情 犯罪 惊悚,4.5,8.8,513653,
184,https://movie.douban.com/subject/1292226/,https://img9.doubanio.com/view/photo/s_ratio_poster/public/p2560717825.jpg,2001太空漫游,1,斯坦利·库布里克,凯尔·杜拉,1968,英国 美国,科幻 惊悚 冒险,4.5,8.9,354903,现代科幻电影的开山之作，最伟大导演的最伟大影片。
185,https://movie.douban.com/subject/1293460/,https://img9.doubanio.com/view/photo/s_ratio_poster/public/p1612355875.jpg,雨中曲,1,斯坦利·多南,吉恩·...,1952,美国,喜剧 歌舞 爱情,4.5,9.1,241780,骨灰级歌舞片。
186,https://movie.douban.com/subject/27622447/,https://img9.doubanio.com/view/photo/s_ratio_poster/public/p2530599636.jpg,小偷家族,1,是枝裕和,中川雅也,2018,日本,剧情 犯罪 家庭,4.5,8.7,847173,我们组成了家。
187,https://movie.douban.com/subject/3792799/,https://img2.doubanio.com/view/photo/s_ratio_poster/public/p456666151.jpg,岁月神偷,1,罗启锐,吴君如,2010,中国香港 中国大陆,剧情 家庭,4.5,8.7,589782,岁月流逝，来日可追。
188,https://movie.douban.com/subject/6534248/,https://img9.doubanio.com/view/photo/s_ratio_poster/public/p1735642656.jpg,无敌破坏王,1,瑞奇·莫尔,约翰·C·赖利,2012,美国,喜剧 动画 奇幻 冒险,4.5,8.7,569015,迪士尼和皮克斯拿错剧本的产物。
189,https://movie.douban.com/subject/1959195/,https://img9.doubanio.com/view/photo/s_ratio_poster/public/p2603716224.jpg,忠犬八公物语,1,神山征二郎,仲代达矢,1987,日本,剧情,4.5,9.2,204763,养狗三日，便会对你终其一生。
190,https://movie.douban.com/subject/24750126/,https://img3.doubanio.com/view/photo/s_ratio_poster/public/p2584519452.jpg,荒蛮故事,1,达米安·斯兹弗隆,达里奥·葛兰帝内提,2014,阿根廷 西班牙,剧情 喜剧 犯罪,4.5,8.8,464010,始于荒诞，止于更荒诞。
191,https://movie.douban.com/subject/1291578/,https://img1.doubanio.com/view/photo/s_ratio_poster/public/p1910895719.jpg,冰川时代,1,卡洛斯·沙尔丹哈,,2002,美国,喜剧 动画 冒险,4.5,8.6,644062,松鼠才是角儿。
192,https://movie.douban.com/subject/25773932/,https://img3.doubanio.com/view/photo/s_ratio_poster/public/p2220776342.jpg,爆裂鼓手,1,达米恩·查泽雷,迈尔斯·特勒,2014,美国,剧情 音乐,4.5,8.7,619060,这个世界从不善待努力的人，努力了也不一定会成功，但是知道自己在努力，就是活下去的动力。
193,https://movie.douban.com/subject/1292329/,https://img9.doubanio.com/view/photo/s_ratio_poster/public/p848381236.jpg,牯岭街少年杀人事件,0,杨德昌,张震,1991,中国台湾,剧情 犯罪,4.5,8.9,326271,弱者送给弱者的一刀。
194,https://movie.douban.com/subject/3011051/,https://img9.doubanio.com/view/photo/s_ratio_poster/public/p462470694.jpg,恐怖游轮,1,克里斯托弗·史密斯,梅利莎·乔治,2009,英国 澳大利亚,剧情 悬疑 惊悚,4.5,8.5,913341,不要企图在重复中寻找已经失去的爱。
195,https://movie.douban.com/subject/1310177/,https://img1.doubanio.com/view/photo/s_ratio_poster/public/p456703618.jpg,东京教父,1,今敏,江守彻,2003,日本,剧情 喜剧 动画,4.5,9.0,253094,
196,https://movie.douban.com/subject/1307811/,https://img3.doubanio.com/view/photo/s_ratio_poster/public/p456676352.jpg,魔女宅急便,0,宫崎骏,高山南,1989,日本,动画 奇幻 冒险,4.5,8.7,486192,宫崎骏的电影总让人感觉世界是美好的，阳光明媚的。
197,https://movie.douban.com/subject/27059130/,https://img3.doubanio.com/view/photo/s_ratio_poster/public/p2505928032.jpg,大佛普拉斯,0,黄信尧,庄益增,2017,中国台湾,剧情 喜剧,4.5,8.7,500130,人们可以登上月球，却永远无法探索人们内心的宇宙。
198,https://movie.douban.com/subject/2209573/,https://img1.doubanio.com/view/photo/s_ratio_poster/public/p2434249040.jpg,贫民窟的百万富翁,1,丹尼·鲍尔,戴夫...,2008,英国,剧情 爱情,4.5,8.6,770638,上帝之城+猜火车+阿甘正传+开心辞典=山寨富翁
199,https://movie.douban.com/subject/1867345/,https://img3.doubanio.com/view/photo/s_ratio_poster/public/p2676812053.jpg,遗愿清单,1,罗伯·莱纳,杰克·尼科尔森,2007,美国,冒险 喜剧 剧情,4.5,8.7,491062,用剩余不多的时间，去燃烧整个生命。
200,https://movie.douban.com/subject/1292328/,https://img3.doubanio.com/view/photo/s_ratio_poster/public/p1982176012.jpg,东邪西毒,1,王家卫,张国荣,1994,中国香港 中国台湾,剧情 动作 爱情 武侠 古装,4.5,8.6,599071,电影诗。
201,https://movie.douban.com/subject/4848115/,https://img3.doubanio.com/view/photo/s_ratio_poster/public/p709670262.jpg,你看起来好像很好吃,1,藤森雅也,山口胜平,2010,日本,剧情 动画 儿童,4.5,8.9,348732,感情不分食草或者食肉。
202,https://movie.douban.com/subject/1291992/,https://img9.doubanio.com/view/photo/s_ratio_poster/public/p1910924635.jpg,末路狂花,0,雷德利·斯科特,吉娜·戴维斯,1991,美国 英国 法国,犯罪 剧情 惊悚,4.5,8.9,288313,没有了退路，只好飞向自由。
203,https://movie.douban.com/subject/1308857/,https://img9.doubanio.com/view/photo/s_ratio_poster/public/p2363208684.jpg,可可西里,1,陆川,多布杰,2004,中国大陆 中国香港,剧情 犯罪,4.5,8.9,318796,坚硬的信仰。
204,https://movie.douban.com/subject/1293908/,https://img1.doubanio.com/view/photo/s_ratio_poster/public/p2170238828.jpg,城市之光,1,Charles,查理·卓别林,1931,美国,喜剧 剧情 爱情,4.5,9.3,156635,永远的小人物，伟大的卓别林。
205,https://movie.douban.com/subject/3075287/,https://img9.doubanio.com/view/photo/s_ratio_poster/public/p988260245.jpg,源代码,1,邓肯·琼斯,杰克·吉伦哈尔,2011,美国 加拿大,科幻 悬疑 惊悚,4.5,8.5,869474,邓肯·琼斯继《月球》之后再度奉献出一部精彩绝伦的科幻佳作。
206,https://movie.douban.com/subject/1978709/,https://img9.doubanio.com/view/photo/s_ratio_poster/public/p2549648344.jpg,黑天鹅,1,达伦·阿罗诺夫斯基,娜塔莉·波特曼,2010,美国,剧情 惊悚,4.5,8.6,806503,黑暗之美。
207,https://movie.douban.com/subject/25980443/,https://img9.doubanio.com/view/photo/s_ratio_poster/public/p2421855655.jpg,海边的曼彻斯特,1,肯尼斯·罗纳根,卡西·阿弗莱克,2016,美国,剧情 家庭,4.5,8.6,586248,我们都有权利不与自己的过去和解。
208,https://movie.douban.com/subject/5300054/,https://img3.doubanio.com/view/photo/s_ratio_poster/public/p2549558913.jpg,波西米亚狂想曲,1,布莱恩·辛格,拉米·马雷克,2018,英国 美国,剧情 传记 同性 音乐,4.5,8.6,639939,
209,https://movie.douban.com/subject/1292401/,https://img1.doubanio.com/view/photo/s_ratio_poster/public/p475600770.jpg,真爱至上,1,理查德·柯蒂斯,休·格兰特,2003,英国 美国 法国,喜剧 剧情 爱情,4.5,8.5,763847,爱，是个动词。
210,https://movie.douban.com/subject/3592854/,https://img3.doubanio.com/view/photo/s_ratio_poster/public/p2236181653.jpg,疯狂的麦克斯4：狂暴之路,1,乔治·米勒,汤姆·哈迪,2015,澳大利亚 美国,动作 科幻 冒险,4.5,8.7,565585,“多么美好的一天！”轰轰轰砰咚，啪哒哒哒轰隆隆，磅~
211,https://movie.douban.com/subject/1291870/,https://img3.doubanio.com/view/photo/s_ratio_poster/public/p2353324612.jpg,雨人,1,巴瑞·莱文森,达斯汀·霍夫曼,1988,美国,剧情,4.5,8.7,419480,生活在自己的世界里，也可以让周围的人显得可笑和渺小。
212,https://movie.douban.com/subject/1303394/,https://img3.doubanio.com/view/photo/s_ratio_poster/public/p2570901292.jpg,青蛇,0,徐克,张曼玉,1993,中国香港 中国大陆,剧情 爱情 奇幻 古装,4.5,8.6,551397,人生如此，浮生如斯。谁人言，花彼岸，此生情长意短。谁都是不懂爱的罢了。
213,https://movie.douban.com/subject/25934014/,https://img3.doubanio.com/view/photo/s_ratio_poster/public/p2901102612.jpg,爱乐之城,1,达米恩·查泽雷,瑞恩·高斯林,2016,美国,剧情 爱情 歌舞,4.0,8.4,997684,
214,https://movie.douban.com/subject/4739952/,https://img3.doubanio.com/view/photo/s_ratio_poster/public/p1505312273.jpg,初恋这件小事,1,普特鹏·普罗萨卡·那·萨克那卡林,,2010,泰国,剧情 喜剧 爱情,4.5,8.5,1007230,黑小鸭速效美白记。
215,https://movie.douban.com/subject/1297880/,https://img9.doubanio.com/view/photo/s_ratio_poster/public/p2174804034.jpg,芙蓉镇,1,谢晋,刘晓庆,1987,中国大陆,剧情 爱情,4.5,9.3,157492,
216,https://movie.douban.com/subject/1302827/,https://img3.doubanio.com/view/photo/s_ratio_poster/public/p792257137.jpg,人工智能,1,史蒂文·斯皮尔伯格,海利·乔·奥斯蒙,2001,美国 英国,剧情 科幻,4.5,8.7,467251,对爱的执着，可以超越一切。
217,https://movie.douban.com/subject/1291844/,https://img9.doubanio.com/view/photo/s_ratio_poster/public/p1910909085.jpg,终结者2：审判日,0,詹姆斯·卡梅隆,阿诺·施瓦辛格,1991,美国 法国,动作 科幻,4.5,8.8,357191,少见的超越首部的续集，动作片中的经典。
218,https://movie.douban.com/subject/1296909/,https://img3.doubanio.com/view/photo/s_ratio_poster/public/p2399597512.jpg,虎口脱险,1,杰拉尔·乌里,路易·德·菲耐斯,1966,法国 英国,喜剧 战争,4.5,8.9,271862,永远看不腻的喜剧。
219,https://movie.douban.com/subject/1309163/,https://img9.doubanio.com/view/photo/s_ratio_poster/public/p483604864.jpg,恋恋笔记本,1,尼克·卡索维茨,瑞恩·高斯林,2004,美国,剧情 爱情,4.5,8.5,703225,爱情没有那么多借口，如果不能圆满，只能说明爱的不够。
220,https://movie.douban.com/subject/1292287/,https://img1.doubanio.com/view/photo/s_ratio_poster/public/p1421018669.jpg,新龙门客栈,1,李惠民,张曼玉,1992,中国香港 中国大陆,动作 爱情 武侠 古装,4.5,8.7,467364,嬉笑怒骂，调风动月。
221,https://movie.douban.com/subject/1438652/,https://img3.doubanio.com/view/photo/s_ratio_poster/public/p1086394013.jpg,无耻混蛋,1,昆汀·塔伦蒂诺,布拉德·皮特,2009,德国 美国,剧情 犯罪,4.5,8.7,506289,昆汀同学越来越变态了，比北野武还杜琪峰。
222,https://movie.douban.com/subject/1291879/,https://img2.doubanio.com/view/photo/s_ratio_poster/public/p1598883511.jpg,罗生门,1,黑泽明,三船敏郎,1950,日本,剧情 犯罪 悬疑,4.5,8.8,331505,人生的N种可能性。
223,https://movie.douban.com/subject/34874432/,https://img3.doubanio.com/view/photo/s_ratio_poster/public/p2868462052.jpg,花束般的恋爱,1,土井裕泰,菅田将晖,2021,日本,剧情 爱情,4.5,8.6,696962,
224,https://movie.douban.com/subject/1959877/,https://img1.doubanio.com/view/photo/s_ratio_poster/public/p2627847859.jpg,崖上的波妞,0,宫崎骏,奈良柚莉爱,2008,日本,动画 奇幻 冒险,4.5,8.6,529028,
225,https://movie.douban.com/subject/1300117/,https://img3.doubanio.com/view/photo/s_ratio_poster/public/p792423963.jpg,千钧一发,1,安德鲁·尼科尔,伊桑·霍克,1997,美国,剧情 科幻 惊悚,4.5,8.8,319072,一部能引人思考的科幻励志片。
226,https://movie.douban.com/subject/1422283/,https://img1.doubanio.com/view/photo/s_ratio_poster/public/p2319879389.jpg,高山下的花环,1,谢晋,吕晓禾,1984(中国大陆),1985,中国大陆,5.0,9.5,110879,
227,https://movie.douban.com/subject/25807345/,https://img9.doubanio.com/view/photo/s_ratio_poster/public/p2187896734.jpg,彗星来的那一夜,1,詹姆斯·沃德·布柯特,艾米丽·芭尔多尼,2013,美国 英国,科幻 悬疑 惊悚,4.5,8.6,620406,小成本大魅力。
228,https://movie.douban.com/subject/2051007/,https://img9.doubanio.com/view/photo/s_ratio_poster/public/p721429854.jpg,哈利·波特与死亡圣器(上),1,大卫·叶茨,丹尼尔·雷德克里夫,2010,英国 美国,奇幻 冒险,4.5,8.6,616434,最忠于原著的一部。
229,https://movie.douban.com/subject/2133323/,https://img2.doubanio.com/view/photo/s_ratio_poster/public/p2160195181.jpg,白日梦想家,1,本·斯蒂勒,本·斯蒂勒,2013,美国 英国,剧情 喜剧 冒险,4.5,8.6,545586,
230,https://movie.douban.com/subject/1293318/,https://img1.doubanio.com/view/photo/s_ratio_poster/public/p2237136718.jpg,萤火虫之墓,1,高畑勋,辰己努,1988,日本,动画 剧情 战争,4.5,8.7,417933,幸福是生生不息，却难以触及的远。
231,https://movie.douban.com/subject/1304141/,https://img1.doubanio.com/view/photo/s_ratio_poster/public/p443461390.jpg,黑客帝国2：重装上阵,1,拉娜·沃卓斯基,,2003,美国,动作 科幻,4.5,8.7,424628,一个精彩的世界观正在缓缓建立。
232,https://movie.douban.com/subject/26787574/,https://img1.doubanio.com/view/photo/s_ratio_poster/public/p2507709428.jpg,奇迹男孩,1,斯蒂芬·卓博斯基,雅各布·特伦布莱,2017,美国 中国香港,剧情 儿童 家庭,4.5,8.6,570796,世界不完美，爱会有奇迹。
233,https://movie.douban.com/subject/25864085/,https://img3.doubanio.com/view/photo/s_ratio_poster/public/p2264592493.jpg,火星救援,1,雷德利·斯科特,马特·达蒙,2015,英国 美国 匈牙利 约旦,剧情 科幻 冒险,4.5,8.5,771159,
234,https://movie.douban.com/subject/26430107/,https://img3.doubanio.com/view/photo/s_ratio_poster/public/p2457609817.jpg,二十二,1,郭柯,,2015,中国大陆,纪录片,4.5,8.7,300921,有一些东西不应该被遗忘。
235,https://movie.douban.com/subject/1419936/,https://img2.doubanio.com/view/photo/s_ratio_poster/public/p792282381.jpg,战争之王,1,安德鲁·尼科尔,尼古拉斯·凯奇,2005,美国 德国,剧情 犯罪,4.5,8.7,387019,做一颗让别人需要你的棋子。
236,https://movie.douban.com/subject/1428175/,https://img3.doubanio.com/view/photo/s_ratio_poster/public/p1244017073.jpg,血钻,1,爱德华·兹威克,莱昂纳多·迪卡普里奥,2006,美国 德国 英国,剧情 惊悚 冒险,4.5,8.7,397070,每个美丽事物背后都是滴血的现实。
237,https://movie.douban.com/subject/2222996/,https://img1.doubanio.com/view/photo/s_ratio_poster/public/p2375245718.jpg,步履不停,1,是枝裕和,阿部宽,2008,日本,剧情 家庭,4.5,8.8,294973,日本的家庭电影已经是世界巅峰了，步履不停是巅峰中的佳作。
238,https://movie.douban.com/subject/1457217/,https://img1.doubanio.com/view/photo/s_ratio_poster/public/p443403700.jpg,哈利·波特与凤凰社,1,大卫·叶茨,丹尼尔·雷德克里夫,2007,英国 美国,奇幻 冒险,4.5,8.5,611910,
239,https://movie.douban.com/subject/1307394/,https://img9.doubanio.com/view/photo/s_ratio_poster/public/p2215102596.jpg,千年女优,1,今敏,庄司美代子,2001,日本,动画 剧情 爱情,4.5,8.8,288296,爱情是一场没有尽头的虚幻追逐。
240,https://movie.douban.com/subject/25724855/,https://img9.doubanio.com/view/photo/s_ratio_poster/public/p2259715855.jpg,房间,1,伦尼·阿伯拉罕森,布丽·拉尔森,2015,爱尔兰 加拿大 英国 美国,剧情 家庭,4.5,8.8,380824,被偷走的岁月，被伤害的生命，被禁锢的灵魂，终将被希望和善意救赎。
241,https://movie.douban.com/subject/1293964/,https://img1.doubanio.com/view/photo/s_ratio_poster/public/p2351134499.jpg,魂断蓝桥,1,茂文·勒鲁瓦,费雯·丽,1940,美国,剧情 爱情 战争,4.5,8.8,291324,中国式内在的美国电影。
242,https://movie.douban.com/subject/1293323/,https://img3.doubanio.com/view/photo/s_ratio_poster/public/p1254404823.jpg,大红灯笼高高挂,1,张艺谋,巩俐,1991,中国大陆 中国香港 中国台湾,剧情,4.5,8.8,309509,
243,https://movie.douban.com/subject/1308767/,https://img9.doubanio.com/view/photo/s_ratio_poster/public/p667644866.jpg,谍影重重2,1,保罗·格林格拉斯,马特·达蒙,2004,美国 德国,动作 悬疑 惊悚,4.5,8.7,369907,谁说王家卫镜头很晃？
244,https://movie.douban.com/subject/26374197/,https://img1.doubanio.com/view/photo/s_ratio_poster/public/p2535851348.jpg,蜘蛛侠：平行宇宙,1,鲍勃·佩尔西凯蒂,,2018,美国,动作 科幻 动画 冒险,4.5,8.6,703973,
245,https://movie.douban.com/subject/3552028/,https://img3.doubanio.com/view/photo/s_ratio_poster/public/p2577248102.jpg,弱点,1,约翰·李·汉考克,桑德拉·布洛克,2009,美国,剧情 家庭 传记 运动,4.5,8.7,329192,拍掉身上的悲伤，从今天开始重新踏上追梦之旅。
246,https://movie.douban.com/subject/1304102/,https://img2.doubanio.com/view/photo/s_ratio_poster/public/p1597183981.jpg,谍影重重,1,道格·里曼,马特·达蒙,2002,美国 德国 捷克,动作 悬疑 惊悚,4.5,8.6,449637,哗啦啦啦啦，天在下雨，哗啦啦啦啦，云在哭泣……找自己。
247,https://movie.douban.com/subject/1305690/,https://img3.doubanio.com/view/photo/s_ratio_poster/public/p2525770523.jpg,阿飞正传,1,王家卫,张国荣,1990,中国香港,犯罪 剧情 爱情,4.5,8.5,535389,王家卫是一种风格，张国荣是一个代表。
248,https://movie.douban.com/subject/2213597/,https://img1.doubanio.com/view/photo/s_ratio_poster/public/p1140984198.jpg,朗读者,0,史蒂芬·戴德利,凯特·温丝莱特,2008,美国 德国,剧情 爱情,4.5,8.6,467587,当爱情跨越年龄的界限，它似乎能变得更久远一点，成为一种责任，一种水到渠成的相濡以沫。
249,https://movie.douban.com/subject/26615208/,https://img1.doubanio.com/view/photo/s_ratio_poster/public/p2374067318.jpg,隐藏人物,1,特奥多尔·梅尔菲,塔拉吉·P·汉森,2016,美国,剧情 传记 历史,4.5,8.9,234208,
250,https://movie.douban.com/subject/6874403/,https://img3.doubanio.com/view/photo/s_ratio_poster/public/p2250287733.jpg,再次出发之纽约遇见你,1,约翰·卡尼,凯拉·奈特莉,2013,美国,喜剧 爱情 音乐,4.5,8.6,444610,爱我就给我看你的播放列表。
